,Lemon,Honeycomb
calories,29.0,309.0084248507372
protein,1.1,0.5233050907122636
fat,0.3,2.39335898387414
carbs,9.32,74.9405868809707
fiber,2.8,0.3300841887891185
