names,calories,protein,fat,carbs,fiber
Lemon,29.0,1.1,0.3,9.32,2.8
Honeycomb,309.00842485073713,0.5233050907122636,2.3933589838741396,74.9405868809707,0.3300841887891185
