names,calories,protein,fat,carbs,fiber
Banh_xeo,360.7564309845959,8.016809577435465,1.0021011971794331,82.17229816871351,0.0
