,Coffee,Sandwich
calories,1.0,212.3552123552124
protein,0.12,9.652509652509652
fat,0.02,10.424710424710424
carbs,0.0,20.07722007722008
fiber,0.0,1.1583011583011582
