names,calories,protein,fat,carbs,fiber
Coffee,1.0,0.12,0.02,0.0,0.0
Sandwich,212.35521235521236,9.652509652509652,10.424710424710424,20.077220077220076,1.1583011583011582
