names,calories,protein,fat,carbs,fiber
Mushroom,130.56092123204226,6.260105110967089,8.115152481925646,8.60299755655564,1.1857502916247553
